Variable / Field Name,Form Name,Section Header,Field Type,Field Label,"Choices, Calculations, OR Slider Labels",Field Note,Text Validation Type OR Show Slider Number,Text Validation Min,Text Validation Max,Identifier?,Branching Logic (Show field only if...),Required Field?,Custom Alignment,Question Number (surveys only),Matrix Group Name,Matrix Ranking?,Field Annotation
record_id,spark_parent_survey,,text,Record ID,,,,,,,,,,,,,
consent,spark_parent_survey,How parents first notice developmental change,checkbox,"I am at least 18, the parent or legal guardian of the SPARK participant, and I agree to take part. I understand that de-identified responses may be shared with other researchers under SPARK's data-sharing rules.","1, I agree",,,,,,,y,,,,,
sex,spark_parent_survey,,radio,What is the sex of your child?,"1, Male | 2, Female",,,,,,,y,,,,,
state,spark_parent_survey,,dropdown,What US state do you live in?,"1, AL | 2, AK | 3, AZ | 4, AR | 5, CA | 6, CO | 7, CT | 8, DE | 9, DC | 10, FL | 11, GA | 12, HI | 13, ID | 14, IL | 15, IN | 16, IA | 17, KS | 18, KY | 19, LA | 20, ME | 21, MD | 22, MA | 23, MI | 24, MN | 25, MS | 26, MO | 27, MT | 28, NE | 29, NV | 30, NH | 31, NJ | 32, NM | 33, NY | 34, NC | 35, ND | 36, OH | 37, OK | 38, OR | 39, PA | 40, RI | 41, SC | 42, SD | 43, TN | 44, TX | 45, UT | 46, VT | 47, VA | 48, WA | 49, WV | 50, WI | 51, WY | 52, Other",,,,,,,y,,,,,
change_type,spark_parent_survey,,radio,Which best describes how your child's autism-related differences first appeared?,"1, A sudden, dramatic change over about two weeks or less, after developing normally | 2, A noticeable change over a few weeks to a couple of months | 3, Gradual - differences were always there or emerged slowly | 4, Not sure",,,,,,,y,,,,,
how_long_ago,spark_parent_survey,When it happened,radio,"How long ago did you notice the sudden change (the ""onset date"")?","1, Within 3 months | 2, 3-6 months ago | 3, 6 months to 1 year ago | 4, 1-2 years ago | 5, 2-5 years ago | 6, More than 5 years ago",,,,,,[change_type] = '1' or [change_type] = '2',y,,,,,
onset_date,spark_parent_survey,,text,"If you remember the exact or approximate calendar date of onset, enter it. Otherwise leave blank.",,,date_mdy,,,,[change_type] = '1' or [change_type] = '2',,,,,,
onset_dow,spark_parent_survey,,radio,"Do you remember the day of the week onset happened, or whether it was a weekday or weekend?","1, Don't remember | 2, Monday | 3, Tuesday | 4, Wednesday | 5, Thursday | 6, Friday | 7, Saturday | 8, Sunday | 9, It was a weekday | 10, It was a weekend",,,,,,[change_type] = '1' or [change_type] = '2',y,,,,,
age_onset_months,spark_parent_survey,,text,"Your child's age in months at onset (e.g., 18)",,,integer,0,72,,[change_type] = '1' or [change_type] = '2',y,,,,,
date_evidence,spark_parent_survey,,checkbox,What is your memory of the onset timing based on? Check all that apply.,"1, Memory alone | 2, Calendar or diary | 3, Photos or videos with dates | 4, Texts, emails, or patient-portal messages | 5, Daycare or school notes | 6, A doctor's record | 7, Social-media post | 8, Other",,,,,,[change_type] = '1' or [change_type] = '2',y,,,,,
sequence,spark_parent_survey,In your own words,notes,Briefly describe the chain of events in the 15 days before onset that you think might be relevant. Use (0) as the first reference day.,,Example: birthday party (0) -> illness (1) -> fever (2) -> high-pitched screaming for 12 hours (2) -> lost eye contact (4).,,,,,[change_type] = '1' or [change_type] = '2',y,,,,,
before3,spark_parent_survey,Timing,checkbox,What do you remember happening in the 3 days BEFORE onset? Check all that apply.,"1, Fever | 2, Tylenol or acetaminophen | 3, Illness | 4, Pediatrician/well-child visit WITHOUT any shots | 5, Pediatrician/well-child visit WITH shots | 6, Ear infection | 7, Vaccination (any setting) | 8, Dentist visit | 9, Toxic environmental exposure (mold, chemical...) | 10, New prescription drug (e.g., antibiotic) | 11, Your child's birthday | 12, Your birthday | 13, New Year's Day | 14, Other (specify in Notes) | 15, None of the above | 16, Too long ago, don't remember",,,,,,[change_type] = '1' or [change_type] = '2',y,,,,,
after14,spark_parent_survey,,checkbox,"In the 14 days AFTER onset, which changes did you observe? Check all that apply.","1, High-pitched screaming | 2, Sleepless nights | 3, LOST existing behavior(s) (eye contact, social interaction...) | 4, LOST existing skill(s) (words, motor skills...) | 5, DEVELOPED new repetitive behaviors (head banging, toe walking, arching...) | 6, Change in sensitivities (light, sound, pain, touch, being held) | 7, Extreme fussiness | 8, New obsessions | 9, Other (specify in Notes)",,,,,,[change_type] = '1' or [change_type] = '2',y,,,,,
visit_interval,spark_parent_survey,,radio,"How many days BEFORE onset was your child's most recent doctor visit (well-child or sick visit)? Choose the closest answer, even if unsure of the exact interval.","1, Don't remember | 2, No visit within 120 days before | 3, <1 day (<24 h) | 4, 2 days (24-48 h) | 5, 3 days (49-72 h) | 6, 4 days | 7, 5 days | 8, 6 days | 9, 7 days | 10, 8-13 days | 11, 14-29 days | 12, 30-59 days | 13, 60-83 days | 14, 84-97 days | 15, 98-120 days",,,,,,[change_type] = '1' or [change_type] = '2',y,,,,,
visit_confidence,spark_parent_survey,,radio,How certain are you of that interval?,"1, Absolutely certain | 2, Within 1 day | 3, Within 2 days | 4, Within 3 days | 5, Within 4 days to a week | 6, Could be off by a week or more",,,,,,([change_type] = '1' or [change_type] = '2') and [visit_interval] > 2,y,,,,,
visit_shots,spark_parent_survey,,radio,How many vaccine injections were given at that visit?,"1, 0 (no shots) | 2, 1 | 3, 2 | 4, 3 | 5, 4 | 6, 5 or more | 7, Don't remember",,,,,,([change_type] = '1' or [change_type] = '2') and [visit_interval] > 2,y,,,,,
vax_prior_interval,spark_parent_survey,,radio,"Was there an earlier visit WITH shots within 120 days before onset? If so, how many days before onset?","1, Don't remember | 2, No visit with shots within 120 days | 3, <1 day (<24 h) | 4, 2 days (24-48 h) | 5, 3 days (49-72 h) | 6, 4 days | 7, 5 days | 8, 6 days | 9, 7 days | 10, 8-13 days | 11, 14-29 days | 12, 30-59 days | 13, 60-83 days | 14, 84-97 days | 15, 98-120 days",,,,,,([change_type] = '1' or [change_type] = '2') and [visit_shots] = '1',y,,,,,
documentation,spark_parent_survey,,radio,"If we asked you for contemporaneous documentation of the onset timing (email, text, video, photo, social-media post, diary note, calendar entry, doctor call), could you provide it?","1, Yes, 100% certain | 2, Yes, 80%+ certain | 3, Maybe | 4, Unlikely | 5, Highly unlikely",,,,,,[change_type] = '1' or [change_type] = '2',y,,,,,
record_upload_ok,spark_parent_survey,,radio,Would you be willing to share your child's official immunization record (state registry or pediatrician) with the research team in a follow-up?,"1, Yes | 2, Maybe | 3, No",,,,,,[change_type] = '1' or [change_type] = '2',y,,,,,
age_concern_months,spark_parent_survey,When you first became concerned,text,Your child's age in months when you first became concerned about their development,,,integer,0,72,,[change_type] = '3' or [change_type] = '4',y,,,,,
concern_date,spark_parent_survey,,text,"If you remember the approximate calendar date you first became concerned, enter it. Otherwise leave blank.",,,date_mdy,,,,[change_type] = '3' or [change_type] = '4',,,,,,
concern_dow,spark_parent_survey,,radio,"Do you remember the day of the week, or whether it was a weekday or weekend?","1, Don't remember | 2, Monday | 3, Tuesday | 4, Wednesday | 5, Thursday | 6, Friday | 7, Saturday | 8, Sunday | 9, It was a weekday | 10, It was a weekend",,,,,,[change_type] = '3' or [change_type] = '4',y,,,,,
sequence_c,spark_parent_survey,,notes,Briefly describe what you noticed and what was going on in your child's life around that time.,,,,,,,[change_type] = '3' or [change_type] = '4',y,,,,,
before3_c,spark_parent_survey,,checkbox,What do you remember happening in the 3 days BEFORE you first became concerned? Check all that apply.,"1, Fever | 2, Tylenol or acetaminophen | 3, Illness | 4, Pediatrician/well-child visit WITHOUT any shots | 5, Pediatrician/well-child visit WITH shots | 6, Ear infection | 7, Vaccination (any setting) | 8, Dentist visit | 9, Toxic environmental exposure (mold, chemical...) | 10, New prescription drug (e.g., antibiotic) | 11, Your child's birthday | 12, Your birthday | 13, New Year's Day | 14, Other (specify in Notes) | 15, None of the above | 16, Too long ago, don't remember",,,,,,[change_type] = '3' or [change_type] = '4',y,,,,,
visit_interval_c,spark_parent_survey,,radio,How many days BEFORE you first became concerned was your child's most recent doctor visit? Choose the closest answer.,"1, Don't remember | 2, No visit within 120 days before | 3, <1 day (<24 h) | 4, 2 days (24-48 h) | 5, 3 days (49-72 h) | 6, 4 days | 7, 5 days | 8, 6 days | 9, 7 days | 10, 8-13 days | 11, 14-29 days | 12, 30-59 days | 13, 60-83 days | 14, 84-97 days | 15, 98-120 days",,,,,,[change_type] = '3' or [change_type] = '4',y,,,,,
visit_confidence_c,spark_parent_survey,,radio,How certain are you of that interval?,"1, Absolutely certain | 2, Within 1 day | 3, Within 2 days | 4, Within 3 days | 5, Within 4 days to a week | 6, Could be off by a week or more",,,,,,([change_type] = '3' or [change_type] = '4') and [visit_interval_c] > 2,y,,,,,
visit_shots_c,spark_parent_survey,,radio,How many vaccine injections were given at that visit?,"1, 0 (no shots) | 2, 1 | 3, 2 | 4, 3 | 5, 4 | 6, 5 or more | 7, Don't remember",,,,,,([change_type] = '3' or [change_type] = '4') and [visit_interval_c] > 2,y,,,,,
vax_prior_interval_c,spark_parent_survey,,radio,"Was there an earlier visit WITH shots within 120 days before you first became concerned? If so, how many days before?","1, Don't remember | 2, No visit with shots within 120 days | 3, <1 day (<24 h) | 4, 2 days (24-48 h) | 5, 3 days (49-72 h) | 6, 4 days | 7, 5 days | 8, 6 days | 9, 7 days | 10, 8-13 days | 11, 14-29 days | 12, 30-59 days | 13, 60-83 days | 14, 84-97 days | 15, 98-120 days",,,,,,([change_type] = '3' or [change_type] = '4') and [visit_shots_c] = '1',y,,,,,
cause,spark_parent_survey,Your view,notes,"What do you think might have triggered the change, and why? Do you think it was a random event with no specific trigger?",,,,,,,,,,,,,
attribution,spark_parent_survey,,checkbox,Which of these do you think contributed? Check all that apply.,"1, Genetics / family history | 2, Prematurity or birth complications | 3, Something during pregnancy | 4, An illness or infection | 5, A vaccine | 6, A medication | 7, Something in the environment | 8, Nothing in particular - random | 9, Don't know | 10, Other",,,,,,,y,,,,,
hypothesis_exposure,spark_parent_survey,,radio,When did you first hear the idea that vaccines might be connected to autism?,"1, Before my child was born | 2, Before I noticed the change | 3, Around the time I noticed it | 4, After the diagnosis | 5, Never heard it | 6, Not sure",,,,,,,y,,,,,
notes,spark_parent_survey,Finish,notes,"Anything else we should know, or comments on unclear questions or missing options?",,,,,,,,,,,,,
recontact_ok,spark_parent_survey,,radio,May the research team contact you (through SPARK) about a follow-up?,"1, Yes | 2, No",,,,,,,y,,,,,
share_public_ok,spark_parent_survey,,radio,"May a coarsened, de-identified version of your answers (no free text, no calendar dates) be included in a public research file?","1, Yes | 2, No",,,,,,,y,,,,,
